{ "compressionlevel":-1,
 "height":10,
 "infinite":false,
 "layers":[
        {
         "data":[0, 0, 0, 0, 0, 0, 0, 0, 0, 0, 0, 0, 0, 0, 0, 0, 0, 0, 0, 0, 0, 0, 0, 0, 0, 0, 0, 0, 0, 0, 0, 0, 0, 0, 0, 0, 0, 0, 0, 0, 0, 0, 0, 0, 0, 0, 0, 0, 0, 0, 0, 0, 0, 0, 0, 0, 0, 0, 0, 0, 0, 0, 0, 0, 0, 0, 0, 0, 0, 0, 16, 17, 18, 16, 17, 18, 16, 17, 18, 15, 30, 31, 32, 30, 31, 32, 30, 31, 32, 29, 44, 45, 46, 44, 45, 46, 44, 45, 46, 43],
         "height":10,
         "id":1,
         "name":"Solid",
         "opacity":1,
         "type":"tilelayer",
         "visible":true,
         "width":10,
         "x":0,
         "y":0
        }, 
        {
         "data":[0, 0, 0, 0, 0, 0, 0, 0, 0, 0, 0, 0, 0, 0, 0, 0, 0, 0, 0, 0, 0, 0, 0, 0, 0, 0, 0, 0, 0, 0, 64, 65, 64, 65, 64, 65, 0, 0, 62, 63, 78, 79, 78, 79, 78, 79, 0, 0, 76, 77, 92, 93, 92, 93, 92, 93, 0, 0, 90, 91, 106, 107, 106, 107, 106, 107, 0, 0, 104, 105, 0, 0, 0, 0, 0, 0, 0, 0, 0, 0, 0, 0, 0, 0, 0, 0, 0, 0, 0, 0, 0, 0, 0, 0, 0, 0, 0, 0, 0, 0],
         "height":10,
         "id":2,
         "name":"Background",
         "opacity":1,
         "type":"tilelayer",
         "visible":true,
         "width":10,
         "x":0,
         "y":0
        }],
 "nextlayerid":3,
 "nextobjectid":1,
 "orientation":"orthogonal",
 "renderorder":"right-down",
 "tiledversion":"1.8.2",
 "tileheight":16,
 "tilesets":[
        {
         "columns":14,
         "firstgid":1,
         "image":"..\/tilesets\/lab\/lab.png",
         "imageheight":128,
         "imagewidth":224,
         "margin":0,
         "name":"lab",
         "spacing":0,
         "tilecount":112,
         "tileheight":16,
         "tilewidth":16
        }],
 "tilewidth":16,
 "type":"map",
 "version":"1.8",
 "width":10
}